RA(deg),Dec(deg),VTMag,Altitude (deg),Azimuth (deg)
0.00091185,1.08901332,9.1,9.36451121794404,90.91493757276874
0.00379737,-19.49883745,9.27,4.501278668378556,111.0743869105108
0.00500795,38.85928608,6.61,14.900329920288184,52.650058023207336
0.0083817,-51.89354612,8.06,-3.9941233432832197,142.3626462695866
0.00996534,-40.5912244,8.55,-1.0387215766453446,131.44242229781682
0.01814144,3.94648893,12.31,9.944037934579647,88.07669097883344
0.02254891,20.03660216,9.64,12.809473484809184,71.92300262338172
0.0272916,25.88647445,9.05,13.612082767548612,65.97088135801833
0.03534189,36.58593777,8.59,14.708092485499014,54.993158450461074
0.03625309,-50.8670736,8.59,-3.747001126625421,141.3639914858183
0.03729695,46.94000154,7.34,15.280266875514963,44.28948665325333
0.04091756,-35.96022482,8.43,0.16550397436882372,126.9707180689155
0.0416797,-22.5946806,8.8,3.6740428121265127,114.06534191711424
0.04827189,-0.36042119,7.25,9.007114539264267,92.33861618627519
0.0503089,50.79117384,8.6,15.356194448723455,40.2971649915038
0.05109957,-40.19232842,8.15,-0.9633559257792926,131.04942211614647
0.05140852,-54.91412819,11.71,-4.787999339754747,145.285587979528
0.05313923,-4.05373813,11.03,8.185050130679723,95.98007787295066
0.05331696,38.30408636,6.53,14.823690923674114,53.220309635316184
0.0629505,23.52928397,8.51,13.271098426179918,68.36915866105689
0.06623569,8.00723437,7.55,10.703269716004328,84.02171514811111
0.07013593,-49.35226686,8.69,-3.377065874166743,139.89212823770924
0.0744293,13.31221083,7.57,11.669149367362747,78.70442541122081
0.07604979,-23.45274913,9.05,3.4220083488726174,114.88770146376407
0.07936537,-44.29029741,6.28,-2.0636402745847566,134.998179528642
0.08434579,-13.39329686,9.13,5.952008519551291,105.11856512777982
0.08546976,-41.29753696,9.32,-1.2804073625444465,132.10863949602208
0.08724871,-43.36179962,8.83,-1.8252698250184,134.10031815536686
0.09213106,-49.10795505,9.14,-3.3277634659905146,139.65201471761253
0.09613563,42.14149882,8.26,15.033157565004302,49.25460824019454
0.0980939,2.67547768,7.63,9.603528899100413,89.32186390310511
0.09858375,51.9394905,9.09,15.337986665872927,39.106120584849336
0.09918083,-10.46245445,8.1,6.647881605999276,102.25432011921835
0.09946973,26.91823821,6.43,13.67604822529796,64.90913300506071
0.10256052,-14.49048072,9.07,5.66523786774941,106.18316931339301
0.1032755,12.26709303,7.68,11.457056338540683,79.74935729051317
0.1053519,-47.17958382,10.44,-2.8361521930919604,137.78474159827792
0.11104694,-79.06183133,8.65,-10.324991372892832,169.0073376607057
0.11186148,-16.6969302,7.46,5.108638638084187,108.32764845690784
0.11656351,54.30223774,8.7,15.33296526506737,36.65609573068403
0.12196971,67.21679125,10.61,14.894534989544825,23.284269051287524
0.12538666,25.84478059,8.2,13.51925188442548,66.0019407579703
0.129089,59.55973786,6.18,15.244363748596692,31.206287575966584
0.1327223,-3.30636174,7.91,8.275745473611629,95.22625451660072
0.13420453,-72.20271031,9.59,-8.908643266648438,162.20040171337962
0.13454429,-25.62225277,8.57,2.8082812200235083,116.97223929887626
0.13519236,-56.83524773,10.78,-5.31460275942331,147.1408280866591
0.13522264,-40.69044664,7.31,-1.1565951087315882,131.51302266479033
0.13950066,16.66903183,9.53,12.173651653143674,75.31203941618362
0.14287059,-53.09766277,6.49,-4.380506000879383,143.50901599800102
0.14339044,1.06619726,8.94,9.22047064773042,90.90682069043004
0.14665879,-77.0201405,8.56,-9.923262084768707,166.97396858476307
0.14739023,-29.26338247,10.96,1.8463962877271853,120.48677938987774
0.15165558,17.96895579,10.57,12.370774596217112,73.99708283972646
0.15783323,-66.68310336,7.4,-7.684442475911346,156.7614593389769
0.16283175,0.22293899,8.12,9.021139037951013,91.7368720427354
0.16828557,-69.67580068,8.27,-8.364740232697095,159.70450345048522
0.17376341,62.17600484,7.05,15.134072503441752,28.497582345760428
0.17444749,55.72246267,9.09,15.291159560453472,35.18382424798024
0.17542318,-64.46582516,8.34,-7.177411029088262,154.5847421445909
0.17615726,53.82218625,8.86,15.298717432214715,37.15388136728451
0.17996123,-45.42272731,8.27,-2.428570721553989,136.0733291424856
0.1817495,45.25333305,6.36,15.119530400819569,46.032437773167956
0.18458893,-27.90754614,8.08,2.1696786991547374,119.16890666289316
0.18797532,-54.83034057,11.0,-4.84297769148225,145.18437801077172
0.18854917,-72.31824913,8.55,-8.949766279964097,162.3109708963575
0.19910132,23.53824873,7.83,13.148663749888222,68.34255032016814
0.20063628,16.98896499,8.79,12.167859859501165,74.97938267660564
0.20137175,30.39589283,8.33,13.98832618968676,61.340924508871645
0.20280014,36.77763945,10.42,14.589525039768816,54.78457290079397
0.20709981,36.78015328,8.26,14.586294040824225,54.781698224845904
0.21946989,-12.82867015,8.97,5.962219305372847,104.535775376521
0.22045719,66.84796687,6.9,14.879194509658186,23.667647178281037
0.22187281,35.75272213,9.93,14.489523777258011,55.838455826273155
0.22316216,-50.446465,7.42,-3.753625570844711,140.9261471059267
0.22821959,32.82567452,9.03,14.216339863194648,58.846609276272616
0.23052169,-30.06417333,8.41,1.5668296187859816,121.24094309476048
0.23231307,17.86784193,8.06,12.278979637809742,74.08682454534797
0.23572286,35.31675386,8.69,14.440777934760389,56.28601949067653
0.24179216,-11.82353722,8.4,6.18471941187671,103.549850378854
0.24386443,-4.93211471,8.57,7.800742166268833,96.80041244628545
0.24803173,-10.9358054,9.5,6.392435845869148,102.68155809641776
0.248081,52.08056444,8.85,15.247192374848797,38.95904707402683
0.25180722,27.88634368,9.61,13.65876855181399,63.90331702552223
0.2560073,-24.71404902,10.62,2.9374252711372275,116.06547669829898
0.26038262,69.6034983,8.05,14.680445574390307,20.825133016669284
0.26151556,-5.83497569,7.8,7.577307901565564,97.6832636531426
0.26915958,-48.80985919,5.71,-3.3632824387004923,139.33351069848058
0.27715178,53.16694253,7.87,15.237115266215682,37.83295490415351
0.27999988,-41.88742972,7.64,-1.575674558243436,132.63976270105357
0.28056847,-5.87433293,7.66,7.5498275707255935,97.71751592125885
0.29062512,-20.70558648,8.68,3.933922212964811,112.17589271452908
0.29222255,-0.07592034,8.12,8.830433581153413,92.00408079148018
0.29485302,-32.75680569,10.1,0.8080633110519507,123.82546312548627
0.30203883,-11.96400015,8.67,6.093593425184589,103.6726166330324
0.30489357,13.97474826,10.46,11.56377176237194,77.99860799839364
0.30717811,-52.79857954,9.87,-4.400737954617885,143.19371512810733
0.30733362,-21.40404527,9.48,3.741113886654114,112.84886521276728
0.3160162,60.35529798,7.04,15.12817711183659,30.38502554677198
0.31645128,19.74131648,8.44,12.49171469522238,72.17941907885813
0.3197615,-47.79382994,9.88,-3.134905607715913,138.34136962889352
0.320432,-41.4873557,7.05,-1.5003030710051688,132.24557436735432
0.32214393,-68.37102958,8.29,-8.127737593827177,158.40690376679467
0.32673657,-31.89961642,9.34,1.0066337883415275,122.99109799872154
0.32784438,70.9289578,7.73,14.558075449096288,19.46094244335009
0.33016464,49.98158501,6.22,15.164326490042454,41.1331538674357
0.33380226,-50.33739907,5.53,-3.7940273976313312,140.80244198635603
0.33655323,-70.12530771,8.53,-8.52027497738175,160.13482999297557
0.34660201,6.79149102,7.23,10.194228887874997,85.1793792738373
0.34870816,39.61081788,8.61,14.686430972274392,51.8556737311518
0.34908697,34.28185977,11.28,14.254991764170773,57.341248819212744
0.35691658,-16.94782618,10.76,4.81889937813975,108.51276216177935
0.36562073,49.01041081,8.93,15.119025023688199,42.13844681438319
0.37167609,30.73587929,7.95,13.879380948361618,60.97633135301196
0.37259669,-62.9231576,7.46,-6.901072407934285,153.05304726919604
0.37539303,-33.79270439,8.6,0.47171656704461923,124.80755154794925
0.3804081,-72.60590348,8.55,-9.067656430734864,162.58299196641292
0.38648579,-9.43003605,9.2,6.6187790790976235,101.17705549524868
0.39020229,44.67544581,6.82,14.947068708189553,46.623600273839614
0.39598898,-45.34468907,8.29,-2.5548703051825816,135.9585180917732
0.39647681,28.42377416,6.83,13.595977271306927,63.3386526680968
0.39937928,-77.06529438,4.78,-9.987841277588892,167.00731847203073
0.4002411,72.23660619,7.21,14.430719228540841,18.11648860061667
0.40424537,61.22280406,5.58,15.058865158592884,29.488274942372055
0.40473165,-39.33667992,8.7,-1.000821070895216,130.152334398372
0.40873313,14.63230674,8.06,11.577839655817002,77.31976874102301
0.41208753,-48.93516169,10.86,-3.48619799801418,139.4307797314336
0.41376473,73.61187664,6.5,14.309555304356842,16.702279826362833
0.41560234,5.37275092,9.32,9.845186042107882,86.57749760069242
0.41825279,-30.69250699,9.14,1.2463704329522898,121.80528894165239
0.4199422,62.01815066,8.13,15.024851317088494,28.66541663725086
0.42200516,-34.65350786,10.62,0.20941968755347454,125.62829097698811
0.4233689,-40.14866597,6.62,-1.2263643715406927,130.93260100817594
0.42514055,-1.13997217,9.96,8.469798867660403,93.0255130317538
0.42674592,-0.21749947,8.64,8.668529681527978,92.11456862371925
0.42864226,24.2531808,6.6,13.038067542710596,67.58605574303272
0.43268925,42.36714821,6.25,14.797037904749754,49.007066628783576
0.43720393,-16.53172119,7.83,4.847854390670843,108.08911995463907
0.4452924,67.5069762,10.03,14.752301643790474,22.99266397102348
0.45267471,-68.10481108,9.04,-8.115698175111255,158.13386504777083
0.45342986,36.3503456,8.47,14.353684250454926,55.207222566474805
0.45374866,66.30600204,7.33,14.817842729368207,24.23294097607797
0.4550899,76.17561121,8.66,14.059293245207172,14.070449273944535
0.4551821,21.4621375,10.35,12.620343289010528,70.4163812456602
0.45598912,-3.02747891,5.13,8.023429806985632,94.87882838861894
0.45619148,-25.79769516,8.96,2.482963487883663,117.06680154285021
0.46604367,21.02624872,8.49,12.546108011016845,70.85658395962223
0.47868501,26.00557721,11.26,13.224679240326205,65.79626814238262
0.47879268,15.52852839,8.15,11.663314516694822,76.40637584164595
0.48036559,-37.22984397,7.04,-0.5086451583496701,128.10286693211106
0.48445318,-28.13095543,10.02,1.8559939685799474,119.31588475770893
0.48454484,12.65495324,8.9,11.159866491324935,79.29249963717466
0.4845824,-41.61373674,7.78,-1.651791108222108,132.33567027718607
0.48996506,-6.01397169,4.37,7.3150812597590615,97.80637775924862
0.49113894,46.26916275,9.93,14.944858221093838,44.972455973981894
0.496885,63.3578458,8.6,14.939119708641643,27.28091831608286
0.50032768,-5.21399723,8.51,7.487845881786746,97.01868566369907
0.50047134,-37.90179046,7.09,-0.699049417548702,128.74746749530402
0.51081115,-2.76616306,6.93,8.028179606776309,94.60925134240841
0.5117152,-69.26920741,8.68,-8.392665059538562,159.27682874541642
0.51248009,33.69599071,8.98,14.064580126624952,57.929498703482075
0.51336753,27.11861943,9.84,13.334874537567602,64.65783963059395
0.51714313,-30.68523468,8.98,1.1661528259119407,121.77614148034138
0.51857812,59.94001211,7.98,15.038347376776901,30.817740547854047
0.51974463,-22.32747055,10.16,3.315415942165634,113.69323883520117
0.52152674,-56.51490157,8.86,-5.441513814458245,146.77652971015183
0.52780714,39.1832136,8.58,14.518085512093322,52.28630484076755
0.53352192,-2.81984528,9.56,7.994138305077813,94.65701695580435
0.53502093,-68.28020594,9.24,-8.184275112524942,158.29983758197767
0.5376772,-20.87164212,9.63,3.6684214843166907,112.27820513949423
0.54018776,27.08448905,5.8,13.30693033096231,64.68958000406968
0.54288062,67.40895644,9.05,14.720751651026307,23.09612976706332
0.54959887,47.57722222,8.45,14.953655631216595,43.617973818607254
0.55156687,59.96533825,8.86,15.021233662186622,30.791929746515883
0.55243583,49.77113897,7.84,15.016411306680407,41.3477406427743
0.55333411,44.42827722,8.86,14.819178496259848,46.87332844482783
0.56020401,-11.96434717,8.93,5.848408298644016,103.61175985596371
0.5677962,-27.13517299,7.97,2.041827363757149,118.33429905993893
0.56886229,-13.40751554,6.9,5.491465773374281,105.01692223949736
0.57090231,-9.17489501,8.47,6.502154466264414,100.8842647571247
0.57381667,60.7031946,6.77,14.99173083474148,30.0285382303012
0.58116809,52.58643746,8.55,15.048949897243581,38.43278919018164
0.58297574,-29.72044805,5.04,1.3612991659424007,120.82940725853662
0.58977565,11.00634091,8.48,10.76012302090194,80.9249538209289
0.5901502,10.78564387,8.53,10.719105964557308,81.14566473780026
0.60069792,8.9568336,6.33,10.366066901335987,82.9708599918341
0.60211418,-6.05918213,8.99,7.19616387598882,97.82495729114093
0.60250452,6.33313676,8.64,9.854564433743315,85.58472637538888
0.60528721,54.13515756,9.55,15.047082212046238,36.82899619949755
0.60555642,10.77665206,8.74,10.7025723955149,81.1518150478145
0.61228711,-46.02884131,12.43,-2.8763660356314675,136.58169945245234
0.61983117,8.39393024,8.16,10.23987398000413,83.52873765180306
0.62164007,-39.21249918,9.46,-1.1306933369906695,129.98876960584332
0.62398938,8.48557854,5.7,10.253428739755103,83.43653667248246
0.62573691,47.42295978,7.62,14.896789237171536,43.77563776170739
0.62700447,51.82997958,8.95,15.010546284121613,39.215574825511176
0.63232895,42.14779896,8.97,14.636617658745328,49.22446382392895
0.63269567,15.33519012,8.94,11.484428846416362,76.57529505713295
0.6350323,16.25655097,7.24,11.637025657908836,75.64786723902692
0.63546326,-33.99267216,10.32,0.2112163443421152,124.9443805460933
0.639314,18.68336438,8.24,12.026498094227174,73.20056584815205
0.64173419,54.55216087,8.62,15.02746481538078,36.39712210193711
0.64222918,-15.83126945,9.18,4.8301107203557585,107.35916948564389
0.64508403,-43.94791349,8.53,-2.3670994680732353,134.5619119993137
0.64571113,-5.18664439,8.54,7.353084240130842,96.95861505377903
0.64683993,18.83599601,8.56,12.043509040536485,73.04530940223036
0.64992943,-67.63428107,9.41,-8.084294265932895,157.65377403716244
0.65034249,66.09896341,5.87,14.749483183140208,24.451079774786393
0.6601596,66.10037725,7.2,14.745439636240643,24.449826572099226
0.66214867,-8.48794379,9.05,6.575733763361464,100.19086052934202
0.66317884,-37.94768074,9.52,-0.8349002279631506,128.75848422560392
0.6634419,-29.07525103,10.24,1.4602312884976913,120.18783790304143
0.66686344,51.47241278,7.7,14.979800419634657,39.58526467868293
0.66917246,28.54222144,8.17,13.37210323560865,63.188366373739505
0.67441616,82.97320953,7.29,13.263956145840018,7.122369618554405
0.67449039,75.03619342,9.26,14.112489438463541,15.245283169187474
0.67692229,42.92069156,7.94,14.649450859781224,48.425016870000405
0.67974974,-57.63363086,8.42,-5.795193948526081,147.8464382365174
0.69022925,6.03445242,8.56,9.709753370011404,85.86418277563155
0.69173956,35.81547283,7.52,14.115283057250938,55.739649312068025
0.69321513,80.28224146,7.74,13.578095965268608,9.870076215758884
0.69448089,-40.9831797,8.85,-1.6413083442381824,131.6855459130609
0.69625192,3.86040514,9.01,9.264243831367535,88.02153527007171
0.69641117,2.1303764,7.17,8.905003196793352,89.7352889713186
0.7000638,-15.04053128,9.04,4.97008025413845,106.57610066306714
0.70031218,-24.94525463,10.3,2.488368087151277,116.1855197420873
0.70416774,80.28651236,9.86,13.575781055507134,9.865922903097019
0.71015217,28.25189113,7.64,13.301289187189989,63.48008837223176
0.71393463,47.25228068,8.27,14.830712313601175,43.94980314293735
0.71569526,30.3365158,8.44,13.540724891285997,61.35114291380388
0.72341351,-58.78139077,9.58,-6.090978487052589,148.96160278404727
0.73006132,-30.14977973,8.43,1.1273047552509214,121.21133230645339
0.73197615,71.35854324,8.49,14.395508681328328,19.028669848690914
0.73358145,70.23800778,9.64,14.473792704268032,20.182929139299603
0.73646864,71.36804423,9.17,14.39338484267466,19.01899471966705
0.73781657,-0.89382979,8.09,8.218314975728044,92.71388921464737
0.7391122,-39.52732256,9.0,-1.2996562130766265,130.2695476426346
0.7392741,-20.04607402,6.25,3.6934315612041573,111.42996842256497
0.743174,3.38193739,8.56,9.119906099183488,88.48605652478457
0.74376859,9.79522025,10.81,10.386073411614978,82.10680681992069
0.75196696,9.13829706,8.76,10.253926928698775,82.76091188341462
0.75216595,-34.74405055,7.76,-0.07620981524420818,125.64521926401913
0.75337695,-60.69189462,7.82,-6.554621261454968,150.82630337463158
0.75886478,39.99515242,7.9,14.399117376984101,51.43672777653018
0.76358207,-7.81552594,8.52,6.634847330762306,99.50906709295424
0.76368704,56.733184,9.73,14.956377322850166,34.13929641404662
0.76552823,8.2614134,9.19,10.072913684815916,83.63266308047419
0.76575139,8.27080462,8.1,10.0745070557627,83.62326075990129
0.77419621,31.87010321,8.75,13.659550832660594,59.777235286351655
0.77431725,52.46516859,8.14,14.929849850091927,38.556717150777075
0.7754055,-25.26104885,8.65,2.342072741419948,116.47376356801001
0.77959051,29.48598254,10.3,13.387974541077577,62.21336247034681
0.78257245,-24.14513788,6.46,2.619757708445142,115.3919791849237
0.78466955,42.74791705,6.73,14.560454446038252,48.598471071256974
0.79452371,-24.58828778,7.96,2.496590690073957,115.81820918637118
0.79659523,54.51584355,9.53,14.93745298716536,36.434310769220986
0.80301496,-31.21239379,8.87,0.7930560758025914,122.22204122395735
0.80532807,17.55239698,6.59,11.689529498576888,74.3153969522424
0.8059041,48.7223389,8.65,14.821163684598199,42.42781484965064
0.81709566,-55.40508846,9.64,-5.333036613191828,145.65481441231694
0.82050122,-23.61534569,9.15,2.720633400659491,114.87018541076765
0.82579542,32.84586959,9.04,13.718833141682417,58.77380652517307
0.82923787,4.68713578,12.04,9.303204559955878,87.17407335649031
0.83207925,38.24401553,8.42,14.209529358044291,53.23421557983384
0.83535989,-11.94520986,8.09,5.591687536479069,103.52818050892898
0.83539281,-64.4760807,9.06,-7.456606226997125,154.52911071222053
0.83541112,-4.14573041,8.09,7.404147471431174,95.8931245942182
0.84180567,59.07861165,8.18,14.89111643923328,31.712519992802044
0.84205196,23.5750499,8.77,12.570117648516625,68.2212712273976
0.85005688,73.17449052,7.36,14.221832105181578,17.162760329851626
0.85277163,-35.96517367,9.16,-0.47007306380700803,126.8039343593229
0.85551618,-26.41518293,8.82,1.9780985457858955,117.57209229826468
0.85687021,-46.83096933,11.14,-3.2424460929268304,137.3160539432189
0.85715406,63.64052431,6.24,14.767733630311591,26.994997143622644
0.85767485,-29.0006136,9.44,1.3153103284413394,120.07203241678378
0.85791177,20.66591788,7.49,12.130002825848253,71.16503123073706
0.85927886,-36.25120504,6.96,-0.5486679889416609,127.07900096538545
0.86311931,55.55090206,7.94,14.903077985830182,35.36299388155245
0.86377495,62.35780416,8.69,14.80684527143467,28.321063442944613
0.86626632,53.31270092,8.15,14.885779082352402,37.67896667567383
0.87618718,55.05995058,8.45,14.894202656747014,35.871003113989495
0.87642718,19.3815717,7.92,11.914862322388437,72.45971641773004
0.87715545,12.35682896,7.45,10.729347817412268,79.52123088767374
0.87833784,-65.8275666,9.01,-7.774606985990584,155.85439857453332
0.88067333,-35.60222342,8.55,-0.39868483550326844,126.44736447000655
0.88130145,78.71780714,9.23,13.711653200764598,11.474503819784365
0.88580553,-13.2272653,9.16,5.235843374998496,104.76630878393127
0.88875927,42.35221969,7.9,14.459747455521697,49.00160238133482
0.90235854,-51.80908752,8.68,-4.5074410090620445,142.14171915839995
0.90411412,-31.09403248,7.78,0.7398473476185309,122.08542172911308
0.90454413,-28.41713516,8.21,1.4248805439192478,119.49732872744048
0.90870678,70.30603307,8.11,14.410282895664773,20.116899052063847
0.91589999,-57.16443914,8.29,-5.806968285968395,147.3579681249831
0.91715645,3.90700467,7.89,9.058110794818532,87.92952216076966
0.91866516,-41.09585606,9.67,-1.8335982962464084,131.7512139757001
0.92207847,-28.39584776,8.24,1.4154093350898982,119.47280080096812
0.92444478,48.43692667,6.8,14.733087041109501,42.7200636614054
0.92695552,13.36518977,8.18,10.861907317290642,78.50244242988784
0.93377179,-63.60066163,8.44,-7.302220986622862,153.65917596587985
0.93488487,-17.33597002,4.55,4.187684304791585,108.75267970683541
0.93490863,42.02349764,7.45,14.404725262248249,49.3381029075986
0.96511407,66.71220273,6.31,14.59342891238552,23.82434902156607
0.96915935,57.37827711,8.15,14.841255397835171,33.47237189517875
0.96979503,22.29607151,8.27,12.270052591712087,69.5000042201937
0.97206281,-28.3937693,7.66,1.373427689062864,119.45956468943145
0.97473996,-57.8303572,8.59,-5.994856198292571,148.00098370883697
0.97971157,-42.55949968,11.55,-2.2492670171676186,133.15614237689186
0.98353978,14.37891704,7.09,10.985977210574003,77.47627290235445
0.98590855,-45.28859728,8.54,-2.941731298355146,135.79850732517622
0.98741047,-43.1915036,9.58,-2.4145609298451918,133.7666446894974
0.98758897,36.97021204,8.44,13.980072400055574,54.53229313901417
0.98959785,61.10364174,8.59,14.779842752625273,29.61940366113469
0.99110213,-48.12518732,8.01,-3.6535746466017662,138.54874428336103
0.99172662,20.95381941,8.29,12.050008674398653,70.85461732309932
0.99220988,-71.27863488,9.62,-8.976503433636942,161.2286695842531
1.00099668,12.14583388,7.26,10.572159177975664,79.7100999682787
1.00253201,-80.3950701,7.91,-10.731741367227729,170.30873930214952
1.00967468,-38.59474913,9.45,-1.2639153992462584,129.31408592620951
1.01581829,62.22195138,8.19,14.740022570580248,28.46357814838689
1.0212684,-16.99764075,12.14,4.190938121207555,108.40352806730678
1.03267114,-25.89254967,8.93,1.9571590478075083,117.02591114210819
1.03517441,56.92100467,7.65,14.807133073750366,33.945526089240474
1.04254351,17.43668381,8.53,11.447426021862205,74.39418460868772
1.04272795,49.87020726,7.38,14.702913660627587,41.23632577173319
1.04362757,39.12012608,8.56,14.1144550221864,52.31998337984132
1.04484023,11.26438632,8.76,10.368768970557944,80.58334770668343
1.04616137,-4.92610737,9.56,7.0236272930063475,96.61174803912344
1.04953066,-30.13491782,7.09,0.8640863093477672,121.12614659707718
1.05137431,-10.14127928,9.83,5.81419305498432,101.71663114301036
1.05693212,62.2876646,5.9,14.719135816725466,28.39618325890903
1.05951147,-26.95235161,10.8,1.6651984879513153,118.04544113408038
1.06083408,-34.41465369,8.41,-0.23727302005093281,125.26164416937075
1.06304747,-17.42485068,9.05,4.0472620920990705,108.8088526441135
1.06385875,60.15501928,8.79,14.761797119659825,30.60100400328621
1.06601848,14.08162325,8.88,10.85529114066085,77.76014443383346
1.06656723,65.1529611,7.59,14.620368432745645,25.436026905309305
1.06725539,-25.91498946,9.6,1.921382482511024,117.03974778684497
1.06734897,66.34913841,10.66,14.569635970872552,24.201053386090344
1.06871389,-59.31518062,8.55,-6.388532720562494,149.44183466218269
1.07383315,-43.98832631,8.11,-2.675826002966486,134.52271654458042
1.07749772,-23.25395215,9.44,2.583682306587733,114.46056313458755
1.07898302,-20.5687452,9.6,3.2543554821499865,111.85720623771037
1.08233885,-16.52888969,5.78,4.249180169752251,107.93349669537484
1.08364803,40.10995515,10.66,14.159578995435917,51.29981323500157
1.08457463,-29.26883006,6.38,1.055220992118045,120.28079193191928
1.08780834,-53.90948292,8.8,-5.125369558440756,144.15929853336087
1.08869988,54.27460172,7.79,14.765422813065573,36.682442887818404
1.08880039,12.95705512,8.6,10.63410625306137,78.88261530299395
1.09539438,-29.38157885,7.77,1.017418034235472,120.38744367753101
1.0993091,-57.32287483,10.37,-5.940729699677318,147.48924837758358
1.1026229,-47.06812971,9.8,-3.46408961452675,137.5041359125565
1.11010195,58.06878245,10.42,14.76199807039477,32.75862213959679
1.11103092,-44.56734318,11.63,-2.8467248453254936,135.07719025988797
1.12334321,51.8293046,9.22,14.703850704434513,39.21020595734165
1.1255098,-10.50949443,4.99,5.656491935229951,102.05896117742935
1.12570193,-6.96533727,8.43,6.481893483877498,98.59295678258151
1.12719406,-72.8972207,7.33,-9.344131195535976,162.8257940145547
1.13935928,-76.34653399,8.93,-10.015559616198168,166.25786876423373
1.14426919,-76.87353696,9.09,-10.115650020797183,166.78334526863213
1.14551227,71.96854252,9.26,14.22256899374381,18.410209457917457
1.14780002,-71.69499867,8.73,-9.109586708072827,161.63125580624805
1.15064352,-19.43786312,9.18,3.4699777400243637,110.74316926648403
1.15170942,43.55131855,8.12,14.341302386125642,47.75374543927415
1.15203505,-15.88920125,9.26,4.340478124550017,107.29506804255755
1.15246785,-31.16905083,8.94,0.515164516010004,122.10367122382405
1.15248379,42.09256148,6.11,14.248067384901663,49.25602887050117
1.15561443,-81.34531911,9.13,-10.922501498251687,171.2567971794348
1.15607578,2.93722463,7.9,8.624443855419008,88.83990270524441
1.15890684,29.72229656,9.34,13.088364746760368,61.932324047508324
1.15940288,-51.58336438,7.13,-4.606970579776898,141.88317975682656
1.16032911,-50.03593839,10.82,-4.231422366133436,140.37762199408598
1.16559564,-70.40421693,7.46,-8.85291151380228,160.35059708817286
1.1659799,-8.18490648,8.72,6.161529592711099,99.77752273283892
1.16704444,34.26519797,7.02,13.580630719688374,57.29102237082108
1.16729373,34.27150566,9.08,13.581059948212351,57.284544896026475
1.171564,6.52258527,8.37,9.337896237408438,85.28269214376508
1.17188841,-71.43685835,5.59,-9.064950074179277,161.37366915787624
1.17191906,14.96533616,7.37,10.908299560742234,76.85585108683416
1.17432297,67.16638761,5.68,14.490008198606997,23.35967365672922
1.17796311,17.06977988,8.56,11.259308331849049,74.74149120498721
1.18518654,51.53385066,8.72,14.658541661077615,39.51461200493564
1.18816317,-32.36102308,9.06,0.1828681816517508,123.24874790412035
1.18887204,0.05649086,8.82,7.983348896385096,91.67825085638347
1.19286162,1.53694172,8.18,8.294972220723341,90.2162932540008
1.19515384,38.17382611,9.39,13.919436835872107,53.28214338721064
1.20394853,68.1886971,9.1,14.42880854271442,22.305732096546382
1.20814095,38.78622411,8.46,13.960157247382545,52.65247711390018
1.21025761,6.41668139,9.15,9.27918584743604,85.3801314989606
1.21171086,-29.63304603,8.28,0.8556651093385834,120.60498469841619
1.2117523,50.23487696,11.67,14.60562456081439,40.85612971788522
1.21196013,43.97079063,8.18,14.322912990486685,47.31889107667203
1.21651501,30.08593131,7.93,13.081892969412815,61.555556429643026
1.21827175,51.98257157,9.21,14.648794957763569,39.05042934653074
1.22172791,34.65955259,6.09,13.575203114271664,56.882729532796596
1.22216274,-30.25661295,8.31,0.6888518181027525,121.20591420008594
1.22460634,-31.99660262,7.83,0.24555077416648388,122.8884531422668
1.22530082,52.2489413,8.72,14.65048602448885,38.77507730474021
1.2290269,58.53217392,6.61,14.69649003013805,32.279911659215486
1.23302998,26.64879958,6.25,12.63810270206235,65.0516158097093
1.23366004,23.26964739,7.82,12.170910257683493,68.47827356786541
1.23422583,56.0569593,8.66,14.696125377936037,34.83888234017063
1.23494365,64.78140759,8.15,14.56301296188771,25.822446098926928
1.23720433,-18.17850304,8.97,3.701250603519454,109.50014731450524
1.23950992,51.18064908,8.15,14.61549070120652,39.878632671970976
1.23961728,45.67395209,7.47,14.397880626929524,45.56238516618051
1.24392487,26.72525618,8.63,12.638512950119654,64.97263082892556
1.24427458,-70.21220744,8.13,-8.839612033507159,160.15490411050865
1.24502692,57.46874679,8.23,14.692412541281678,33.37933566510871
1.24608894,-70.49241628,8.41,-8.897277119754019,160.4324201136524
1.25472644,27.67479979,6.47,12.752120137840349,64.00625043008806
1.25663332,33.36001239,9.83,13.413489600256845,58.20909599399495
1.25755802,66.5167896,8.64,14.486331296132056,24.031460310251216
1.26034142,-36.01527326,7.73,-0.8016979604150432,126.7682631730617
1.26224739,-59.82810463,8.64,-6.601474213212769,149.92170182580062
1.26379805,9.28002796,8.94,9.784944731612278,82.52192421255519
1.26440114,1.03782858,8.84,8.119292956490643,90.69377911857636
1.26581912,-0.50290553,6.32,7.787662791913706,92.21295506614764
1.27555231,61.31396468,5.8,14.637857496628186,29.40490275652174
1.27871117,-42.56781669,8.97,-2.464490803430789,133.10877408788272
1.28166779,-52.15142338,7.53,-4.81707645144593,142.4181027904535
,,8.83,,
1.28675856,67.84002075,7.41,14.415092743379597,22.666902929165136
1.28858787,30.32911509,7.8,13.048710342546633,61.30011702266267
1.29047896,-62.84527102,8.14,-7.2907163543893345,152.8807038392242
1.29075302,45.22907883,6.71,14.338394470245936,46.019001918804605
1.29143885,-43.85083352,8.73,-2.7932353236223264,134.350231304667
1.29174694,30.33130736,9.37,13.046260706822464,61.29755287217523
1.29232665,2.39731072,8.69,8.378730800581062,89.34508691698254
1.29233645,45.78693438,9.95,14.367001254669528,45.4439311128437
1.29294285,-32.46851165,7.1,0.07005391511666255,123.3302882196024
1.30198518,36.30368114,8.09,13.668615767671078,55.192424887578504
1.30417878,35.57110311,6.88,13.597345787236408,55.94265999061881
1.3119092,3.00739806,9.48,8.486806272638303,88.73778731683532
1.31348863,-27.27160831,9.04,1.3657780638558834,118.29725085379269
1.31357538,-49.14221463,9.3,-4.110069870377036,139.4843025270801
1.32445343,-67.8312267,8.49,-8.37614254487203,157.7927895915896
1.32451324,48.47719511,8.3,14.46948604031388,42.66809031419763
1.32686621,-1.79412136,7.95,7.447199391318388,93.47102169621645
1.33276937,68.8844091,7.08,14.345955003629314,21.59093397120225
1.33296709,-38.85723115,6.93,-1.5743339587173837,129.50423722454317
1.33346262,-21.31530277,8.38,2.8385416928814795,112.52212899632859
1.33394073,-5.70783255,4.61,6.567531607433879,97.31318089432285
2.19229374,-86.1885047,11.01,-11.787925752489995,176.11823335019028
1.33455564,-37.3516811,8.56,-1.196703049803052,128.046469633798
1.33660254,-59.81448691,8.78,-6.63478918539971,149.89981834094095
1.34012165,-56.95562054,7.42,-5.9823108827965985,147.09957968417703
1.3419003,8.7879537,8.26,9.61497652138766,82.99688241080057
1.3422976,-79.25391278,7.71,-10.588402269955845,169.15517460025606
1.34271288,3.60610712,6.91,8.580659316359263,88.13907481790993
1.34473977,-33.49941419,9.16,-0.23265086312838887,124.31665002734064
1.34994786,28.54375172,8.99,12.778778143386132,63.11155673114361
1.35116229,16.32907717,8.63,10.971597502308114,75.45731073473905
1.35565957,21.56940242,9.9,11.807943091892115,70.18024078709429
1.35611944,-3.85159559,7.59,6.963793545399072,95.4869565243429
1.36004465,-14.42209198,7.39,4.500998707390451,105.81868917602442
1.36474708,76.29156292,11.99,13.833151472489295,13.971815712284762
1.36543236,-37.30254152,7.78,-1.208092349280412,127.99272234454163
1.36678819,-42.88738421,7.47,-2.606769801886676,133.40241269767495
1.36762563,-7.66532823,6.97,6.087324835926047,99.22270800731545
1.36813317,-61.22566452,8.82,-6.966869561331768,151.2811021913043
1.36976446,22.22467477,9.13,11.89341520548825,69.51629865244031
1.37106856,34.10565584,7.86,13.396488124353594,57.436558235030276
1.37961808,-9.61729691,7.13,5.622809758814122,101.12849702836338
1.38325838,-35.12972759,9.45,-0.6748053510292085,125.88614649344571
1.38388036,-31.96763926,12.04,0.12218150100320309,122.82625588396084
1.39092668,76.28582649,8.78,13.82744658118634,13.978236512258711
1.395476,53.17169568,7.23,14.566846856741225,37.819457166380815
1.39643718,-47.5693186,9.73,-3.7804163539076705,137.94178207290412
1.39896188,-61.30989474,7.36,-7.000071161961972,151.360502875796
,,8.88,,
1.40103106,-51.26045604,7.36,-4.675480373793078,141.53236484033494
1.40397116,43.40143611,8.47,14.149292209444624,47.89635404557661
1.41191024,-58.28951949,9.37,-6.326143392109306,148.3963807598593
1.41549758,55.7099023,6.99,14.592090187192566,35.19687006146636
1.41782275,45.81245496,8.2,14.280984280962873,45.412865435116274
1.42019898,44.46868671,8.36,14.20345310870866,46.79693578447675
1.42333268,58.31365552,8.22,14.595779877438726,32.50626766893691
1.42473238,13.39628227,5.55,10.390936229684216,78.3835690166404
1.42893454,-29.9606343,9.91,0.5905458412722407,120.87434813627995
1.42927167,-22.50977022,9.67,2.4558473404841323,113.65826863844444
1.43016919,-15.36550173,8.6,4.207691740405342,106.72045998260052
1.43020191,25.61517178,10.07,12.323818003514237,66.07628411291545
1.43360334,-36.77845599,10.15,-1.1290265817232066,127.47170541843678
1.43504635,17.84032678,7.75,11.144822503139988,73.92547882004483
1.4390417,81.07146901,9.21,13.373312538772897,9.07650619944294
1.44169115,-19.66981225,9.66,3.1469628807121226,110.90049444149312
1.44777978,47.08729369,8.47,14.325168253141126,44.09786302767113
1.45705278,-52.82010001,9.37,-5.079988476681084,143.04442788347933
1.46242223,78.73840785,9.44,13.596595942391575,11.464781629088224
1.46256763,-68.55128874,9.99,-8.575272162916173,158.49429504524556
1.46611168,2.76462706,10.38,8.285661146380983,88.94541034505536
1.46861724,-41.7528821,7.51,-2.3979102169795485,132.28375724121113
1.46996926,12.52743978,8.91,10.190925275122275,79.24404116238644
1.47850515,18.23536692,7.45,11.168869754133063,73.52138525428582
1.47853237,-14.4327289,9.57,4.387062946956054,105.80136412610474
1.47971363,-68.81162782,8.99,-8.634583008435076,158.75073846707235
1.48151411,18.07622626,8.58,11.139986198492505,73.68091846748153
1.48628758,24.56904604,6.9,12.127952825560042,67.12902041147524
1.48768965,49.62234797,7.55,14.40715547301379,41.482187554214704
1.4928082,44.73937991,7.93,14.16789232149153,46.51505976971506
1.49565621,-54.64056978,9.71,-5.529604938841803,144.8161445342402
1.50012278,-48.67872936,9.57,-4.1167384061684995,139.00370914897596
1.50054698,-39.13751717,8.55,-1.7705945002086203,129.74307315584431
1.50224247,28.27696051,6.62,12.61219337056785,63.3654890635335
1.50439459,16.45207976,7.89,10.847553845445573,75.30850057035741
1.51336417,24.91664125,7.51,12.152523056528008,66.7734794167599
1.51413834,63.67965857,7.36,14.475163553824718,26.963841308315594
1.51463805,53.27691513,8.66,14.497703574684595,37.70925449641969
1.51738261,-84.09820798,8.51,-11.422195891897674,174.01653463293894
1.51773179,40.41853643,6.65,13.852891601404174,50.95662381906653
1.5216826,-31.44433776,9.67,0.14041067102710048,122.29031961626183
1.53342667,9.71496461,7.8,9.606724194128677,82.03739392041201
1.53351571,0.12143808,8.21,7.660703300374409,91.53952915467225
1.53776681,-29.15139035,7.9,0.7021524250281631,120.06725694334385
1.54746485,87.88938595,8.94,12.577323772787278,2.1272810113992007
1.54892826,-23.53856546,9.82,2.0936519662475312,114.62818568775982
1.55483056,-1.88705095,8.69,7.204544819734625,93.51214855790879
1.55910676,-32.81635348,8.57,-0.23444815684454146,123.61044191170062
1.56378577,-55.49869634,8.89,-5.766588562144648,145.64580307030974
1.56474395,58.43668966,5.98,14.521379750366544,32.37930658688933
1.57000983,-64.24051492,7.92,-7.715245683648263,154.22707024820266
1.57055075,-10.77847003,7.6,5.16810126937594,102.21810896898748
1.57776022,-1.2380176,8.22,7.32380044868874,92.8686148412316
1.5777634,-49.07509405,5.7,-4.2616737544757255,139.3771168513192
1.5787602,-65.83919547,12.17,-8.057129472844595,155.80360368576618
1.58300753,-12.01719883,8.75,4.864241681214132,103.4236141032499
1.58393383,40.89871965,6.93,13.840022945123923,50.459551272448635
1.58409669,60.45712221,7.97,14.500073773602955,30.292360761387545
1.58655035,68.63612309,8.06,14.266369129333182,21.851536738457654
1.59090838,-24.60254997,10.13,1.7921795997363505,115.64981901631502
1.60400514,-18.03825665,7.31,3.3975545268073475,109.27843217722302
1.60817878,42.75275856,8.35,13.957306695302375,48.55333132892351
1.61052855,64.19616859,5.57,14.419345846451169,26.431779916918217
1.61191859,-74.40111182,9.85,-9.767778576595973,164.2955325921061
1.61287384,-16.73761149,9.16,3.7053463749896034,108.01233322145055
1.61464392,-52.93312701,9.03,-5.199018480889771,143.13225017945882
1.61846773,-43.62772225,10.07,-2.9671078025509448,134.07536284292306
1.62196859,27.09013496,9.76,12.352584854501696,64.55654966929656
1.6304798,-21.50128389,9.35,2.5246298349369174,112.63406704660501
1.63200384,5.82530112,10.95,8.750148437171582,85.8819722836104
1.64150277,43.78227474,8.87,14.002174914644186,47.4931074790862
1.64810682,28.55343687,6.68,12.520200488102908,63.06778604517228
1.64849601,-47.58474443,9.69,-3.9491151975650727,137.91548056089036
1.64950882,56.51450029,8.05,14.468683300910687,34.36452865246276
1.65072541,-25.29566618,10.3,1.567380617743119,116.30795335973515
1.65221045,29.02193518,6.07,12.575971611766185,62.59123000676737
1.66031971,33.65427137,8.51,13.110112650683254,57.87170028924387
1.66184341,-36.08467578,7.71,-1.1333234639735952,126.75394546772495
,,7.82,,
1.6650581,-24.62067192,8.56,1.7223812241962257,115.65063214304105
1.66696429,70.16926509,8.26,14.162364119607844,20.273312115092168
1.67070715,65.58769959,11.55,14.353267973412809,24.996554519604395
1.67432667,56.32466451,8.62,14.453197584229244,34.56043745133324
1.6826371,8.65733696,10.92,9.25932245307831,83.06094448059591
1.68869427,-6.26131902,10.51,6.0982829032569095,97.7749087426494
1.69021404,-21.09148372,9.83,2.5715293473146454,112.2227866530639
1.69303391,-13.74868727,9.84,4.348782039881716,105.08536363436622
1.69415329,10.06899229,9.74,9.518476698095645,81.65443656585337
1.6955746,-4.34981191,8.21,6.522466306915162,95.89976390877892
1.69574083,23.49381547,8.72,11.783905272869799,68.1884879146162
1.69675999,-70.58944075,8.03,-9.063745485936971,160.49833483768364
1.69982422,44.61284407,9.0,14.013283004240416,46.63607695479319
1.70843563,-23.10742543,6.19,2.0585065284596893,114.1739270099665
1.70960701,68.16712552,11.79,14.242053604223312,22.33704518508
1.71097517,20.55974087,8.22,11.32475176866936,71.14634341020317
1.71117886,31.13044847,7.93,12.782469904449371,60.4397937166128
1.71380391,-45.86393212,10.18,-3.5772797541443335,136.2311840225811
1.71801703,1.86101143,8.98,7.85024665280119,89.78451355518752
1.71819731,49.38212406,9.13,14.248100923869748,41.723836628787396
1.72206966,-38.87768936,6.91,-1.872808449247771,129.44850366733414
1.72236956,-55.16079775,8.79,-5.776671621745937,145.29445229599602
1.72480379,-3.62572272,8.23,6.655450316718596,95.18268791774038
1.73076217,-30.60851144,12.19,0.17598169405515976,121.43628834005975
1.73226563,-30.6030818,10.24,0.1760813955401173,121.43070778532595
1.73390197,38.20259978,8.83,13.500105130726086,53.21470034591289
1.73459748,-43.98527,7.62,-3.1357026437180706,134.40205566923092
1.74792713,-40.41400635,8.96,-2.27103098893703,130.9333357695453
1.74821471,65.53871712,10.41,14.32273961941575,25.048115725087346
1.74865205,53.97486354,8.97,14.37388589071097,36.985646712747
1.75224377,32.87028504,9.61,12.947747258932562,58.66288944604634
1.75830785,22.84448874,8.29,11.6309926309523,68.83561746181819
1.76013095,5.28802852,8.3,8.516920856163072,86.38821685234673
1.76070652,-18.82075644,8.26,3.062784198269307,110.00226872565959
1.76733158,6.87560716,7.44,8.827999440288382,84.8134445614814
1.77282221,62.39273559,9.52,14.384648902872293,28.294934217329676
1.77548337,85.40485204,8.2,12.86445796316589,4.657398853228198
1.78153664,-15.8500875,8.68,3.7624686548657977,107.11010357749207
1.78247366,-30.56157424,8.65,0.1445529735680686,121.37974895137864
1.78337358,-23.03614091,10.52,2.009280610709772,114.08778797435366
1.78443728,-37.92914178,8.41,-1.6857324301063112,128.5169050785011
1.78467109,14.82374977,9.18,10.300536055087388,76.8926252825352
1.78773802,72.77522493,8.42,13.97598633211445,17.593278124522463
1.79242036,34.85379559,8.86,13.128537642808206,56.635095075980935
1.79591904,46.75702172,7.92,14.070824614639562,44.42556095141519
1.79749147,65.65378903,10.97,14.298915903553995,24.93004498091937
1.80243855,6.20432213,8.85,8.660086910911756,85.4719554696086
1.80277966,-60.07079486,9.31,-6.919462852457303,150.09910021131253
1.80323898,-22.02767673,10.28,2.239613236138066,113.10518384334598
1.80537479,-76.73091557,7.56,-10.238153042054183,166.6129995220033
1.80711473,73.21031615,7.88,13.943242248485827,17.14616866851419
1.81025436,20.55571109,7.99,11.232318600480614,71.13550693600236
1.81427471,-41.88961116,8.23,-2.6812260258546137,132.35290775107356
1.81932153,-27.39777661,8.52,0.8991785900551448,118.30711374926169
1.82562487,20.96559758,9.14,11.282380665934229,70.72045944516704
1.82613856,-17.38703103,6.2,3.3503537242907124,108.59416695030484
1.82662524,7.70357212,7.64,8.933696291047445,83.9801886939575
1.8312275,1.66508782,8.95,7.698334955420454,89.9537279298198
1.84185174,-56.83685592,7.48,-6.222024843059243,146.92045981753
1.84336535,-25.35632439,7.06,1.3836643925622263,116.32357462703368
1.84365756,26.45088655,7.33,12.070250980092577,65.17729518279907
1.84541576,-11.03336416,8.98,4.845959323755968,102.4032867503207
1.846808,-11.61292585,8.24,4.70865074610666,102.96828599529243
1.85529015,-40.47958534,8.53,-2.3663269672021054,130.9768880295087
1.85792694,-77.49416581,8.4,-10.383137193271878,167.37471114058118
1.86689616,-56.01154749,7.48,-6.049702032911245,146.10861549644304
1.87192965,17.30273637,8.46,10.644630619631693,74.39464997902562
1.88011435,35.74574814,9.29,13.148961098496866,55.71647066647337
1.88037933,24.32121026,8.57,11.737434735934313,67.327268587339
1.88473813,-23.8189432,8.7,1.7263622921720234,114.8239278884901
1.88664549,32.0087787,8.5,12.73690780412925,59.52748012115676
1.89458828,-60.64172798,8.37,-7.088075502892793,150.65053880925896
1.89656955,31.66904954,6.87,12.688815152753373,59.872343268275365
1.90242019,-62.31507712,7.5,-7.450877838934134,152.29724299886217
1.90322981,-86.03877612,7.39,-11.747388412127494,175.9696550672428
1.90586322,-45.11929768,8.19,-3.528417470133802,135.4746416899036
1.90590207,52.7729898,7.56,14.249758173168953,38.22318405917979
1.9059326,53.52653764,8.37,14.270342636978459,37.445964839800695
1.90698995,40.07851976,7.39,13.529230414894764,51.28066518941456
1.90808924,40.14799609,6.73,13.534208018996711,51.20938400439094
1.91294578,-66.89539355,8.66,-8.405609082204643,156.82003137753387
1.91669898,1.09425779,8.25,7.494002616482324,90.49829543762716
1.91744231,-7.92129475,8.47,5.498357369538362,99.34721597845592
1.91877912,39.03491283,8.01,13.430346989548356,52.3490419673823
1.92048929,-65.93227482,6.83,-8.2129774244301,155.86640449021786
1.92073631,-56.24955098,9.06,-6.132515354289056,146.33502034178736
1.92754108,-46.54467295,8.79,-3.884380553748441,136.85775396895752
1.92958594,37.18548226,7.44,13.251434975531856,54.2408601181304
1.93373158,-2.54868621,6.43,6.690022248325536,94.07874349085145
1.94523194,-22.50847542,5.93,1.9942733196753921,113.53932130798209
1.94918183,-5.48598739,8.85,6.021248365674929,96.9565233521564
1.95053905,21.74565092,9.86,11.288480107524355,69.91627041265473
1.9516436,-11.12904586,8.55,4.722214087709317,102.47214017886097
1.96245593,38.72179052,7.66,13.368557186866623,52.66652464604746
1.96614972,55.57701937,7.82,14.279609802848979,35.329847052866384
1.97130707,-4.85488887,9.08,6.141548014761146,96.33312316080703
1.97791396,-42.15385091,10.1,-2.8634081362703716,132.57989278006397
1.97877242,-51.25786512,8.21,-5.026222517109862,141.4443535501808
1.99660033,-14.22671354,8.85,3.948903950960364,105.48053896008646
1.99715281,-78.21097486,7.79,-10.534533871417537,168.08777706144753
1.99726573,-18.68470818,7.58,2.8785210580796288,109.81566820449817
2.00105125,-7.5447734,7.85,5.50391526402615,98.95996055857817
2.00147404,-78.59876143,7.18,-10.60054008444991,168.47648154210117
2.00316528,29.83750636,7.54,12.37519949076131,61.72323653065117
2.00331222,-39.61207474,9.72,-2.264249834555126,130.10732023040367
2.00721943,31.39121911,7.12,12.562208169676751,60.143577423660346
2.00786726,-30.03169007,9.77,0.08729552268780001,120.81819751469155
2.00852236,-45.38213796,8.84,-3.6615524562725463,135.7129668873225
2.01465535,-33.52933371,5.67,-0.7809632159605087,124.20627206413545
2.01924689,53.79639636,8.15,14.210199865044684,37.165850870863764
2.02090072,-29.41637426,9.61,0.2281319054520239,120.21913917915225
2.02420888,4.9273342,8.19,8.186170885499026,86.69122229006078
2.0398659,31.37900363,7.27,12.533075917251951,60.152580619110196
2.0416806,71.1594885,8.51,13.987761335706386,19.260309091405674
2.04884213,-59.06308248,8.36,-6.821222501433649,149.081216987543
2.04976404,-38.28106844,10.0,-1.9745403450682546,128.80690428787753
2.04986865,-70.05583226,8.74,-9.077006637921334,159.94490849007101
2.05038298,-2.44769895,6.18,6.598514674369904,93.95378906809857
2.05484372,-43.64669264,10.26,-3.2780767463976748,134.0170786276411
2.05676952,-49.7218363,10.16,-4.717475563570705,139.93347763185633
2.05695057,29.73233165,8.31,12.315646562731324,61.82402413384209
2.06109217,42.22343513,8.58,13.585637564834752,49.07181034507969
2.06820906,-14.82446576,7.04,3.73940788696947,106.04589542024225
2.07061029,34.49526635,8.81,12.86300024258207,56.976048287116036
2.07313617,-8.82402541,5.99,5.140971827975743,100.19398492714518
2.07755792,-32.70083924,8.22,-0.6280820392005376,123.39028445985362
2.08770637,-42.94365592,9.86,-3.13245002381284,133.32783341968545
2.09220806,3.44072762,8.0,7.8145806339074255,88.14634712918385
2.09403593,21.92431268,9.4,11.184445367571842,69.71534677934517
2.09641108,-19.22409603,9.1,2.657028163546543,110.31689686456879
2.09653333,29.09082805,2.07,12.19952100463728,62.47060124211166
2.10111748,50.24535175,8.11,14.037586325591642,40.82368459206144
2.10343088,-57.19508646,8.89,-6.440532848555499,147.23997262404328
2.1054674,-51.40075918,9.43,-5.136238069755056,141.56557560247265
2.10705914,6.6168073,7.59,8.445898632345921,85.00209434027447
2.10850712,41.95798984,8.72,13.530004966990301,49.341241357631326
2.11027964,-44.27363457,9.86,-3.466909882717462,134.6172418188122
2.1120568,-53.44318788,9.23,-5.606561117811673,143.5617820694691
2.11287951,-30.06855565,9.5,-0.009877196161024514,120.83153429830438
2.11390101,17.42445447,10.73,10.43754783420281,74.23297509783055
2.11513383,-24.09375148,7.59,1.45482849795,115.03873749528341
2.11827092,34.93452295,7.41,12.871281256876179,56.523773548619666
2.12406316,-66.51414469,9.26,-8.410844838626092,156.42556223123412
2.12551099,52.33640337,7.78,14.102554720359999,38.668925985225286
2.12860271,-6.7921591,7.76,5.552117760584995,98.19477777826513
2.1302586,20.26736526,8.94,10.890435033018482,71.37705494421459
2.13130944,11.17153688,8.95,9.304413659994639,80.47481171612185
2.13694986,63.20404897,6.41,14.206151305804713,27.460333332652585
2.13953227,-17.57804019,6.11,3.014220495751135,108.70764986529835
2.14711178,53.25410868,7.76,14.118952978363978,37.722717841101264
2.1615853,-74.23842588,7.38,-9.884179593849844,164.10571402027983
2.17092314,36.62742794,6.21,13.004510075633414,54.79161820881139
2.17953436,-2.22257211,7.05,6.521961451361046,93.70422613004853
2.18307102,74.21471191,7.44,13.775694513548304,16.120363424161685
2.18732032,-52.32795054,8.5,-5.397519844873278,142.46035412101944
2.19110187,14.14205698,7.84,9.79222243799679,77.50293440637189
2.19243127,-34.79438791,7.88,-1.2339495111850627,125.3966835542604
2.19477287,-66.75946527,9.1,-8.48708713860332,156.66297856641438
2.1951331,-36.74408179,8.65,-1.7116341422829213,127.28748124262921
2.1974024,86.78789828,8.41,12.679456594943604,3.2516600298801435
2.20171313,-47.06066168,7.81,-4.1887888735240235,137.31580314949997
2.20309454,8.02174864,7.43,8.630447366301222,83.59047397168158
2.20465275,-7.89705908,8.76,5.226996374302926,99.25810438704174
2.20791519,40.84104758,7.58,13.365063988637399,50.47965917039447
2.20792389,-60.26452754,9.55,-7.158056541198589,150.24586773607712
2.2083263,40.49456869,6.82,13.335401744323564,50.83445196034154
2.21598889,-25.54780455,10.24,1.010483480989778,116.42650412481049
2.21695394,25.46285169,6.24,11.599617551889711,66.12882887929844
2.21766632,0.69244524,7.31,7.11450527251423,90.82958019240225
2.22041567,-42.91821148,10.52,-3.220686720871694,133.2797807723841
2.22083743,-35.81902966,9.27,-1.5064269662752574,126.38493216619827
2.22356284,-22.17950257,7.13,1.8249079011653382,113.15728057560334
2.23047849,-26.22362939,9.14,0.8326280413249687,117.07868606953463
2.23568502,12.804472,8.48,9.506979443224436,78.82919856691777
2.23740813,66.45664771,8.57,14.097717068345839,24.107423038149253
2.24674499,-21.20630061,7.21,2.0401826975697177,112.20745026215839
2.24799593,34.36795586,9.05,12.70366105230773,57.0894212457069
2.24830416,-39.73711336,7.72,-2.4774962241543195,130.18296523763695
2.24977114,49.85810859,8.03,13.924966879560634,41.21796922861648
2.25065511,28.24755645,6.47,11.954806755587878,63.30734218720184
2.2597423,18.21202529,5.57,10.433200787554263,73.41984140051686
2.25978189,-54.00196301,6.32,-5.817581462939679,144.089097625877
2.26106347,-35.09184956,7.78,-1.3610672523525869,125.67149049288533
2.26145881,27.65123946,11.65,11.865150066866132,63.90991972977185
2.26154948,9.84996128,8.58,8.928155905245516,81.76439948034776
2.26186026,-24.33505454,10.37,1.2661489374619737,115.24010655978098
2.26322766,22.66426725,9.23,11.143494962461856,68.9455736439755
2.26412852,-59.28059246,9.2,-6.97585323363384,149.2711811818319
2.26490408,40.84327725,6.93,13.322292808350278,50.47364005230598
2.266269,-27.12235235,11.73,0.5819195559342745,117.94234383964027
2.26631833,-28.33000796,9.32,0.2866212203059596,119.11331171232152
2.26793216,19.92463831,7.11,10.707631877780617,71.70019676336568
2.27351039,-36.65060208,9.79,-1.7498641737967437,127.1814854361592
2.27673999,-50.60776281,8.21,-5.059183821285633,140.76588634178808
2.27906762,-50.013628,8.42,-4.924375244703553,140.18507432573347
2.28568036,-50.16678657,7.05,-4.963668693377583,140.33371222919473
2.28833154,-38.28947361,9.26,-2.1582239560262293,128.76954837081593
2.29204036,59.15021814,2.28,14.146380021375995,31.641858209918592
2.29237517,44.72184555,8.77,13.599906364305877,46.495651373710615
2.29606736,21.05936782,9.25,10.863448031519761,70.5557144254431
2.29783513,-31.47728797,9.3,-0.5091519275039499,122.15831394211872
2.29831313,44.72276734,10.63,13.595760796516267,46.49440631746379
2.30375144,42.25439291,9.9,13.408944653770536,49.02567310541782
2.30406964,-0.75219804,9.89,6.72017688478334,92.23220353380792
2.31118231,32.47666637,9.33,12.435146641138891,59.00826743260304
2.31514306,25.28231728,7.78,11.485876512404841,66.29815999502088
2.31906353,65.07079864,7.02,14.095892403195881,25.536745168310887
2.32522728,-37.38291472,11.26,-1.9673467265453843,127.88230606398807
2.32739226,-59.06036312,8.89,-6.960473687360537,149.04746889142797
2.32966922,-41.88642543,9.6,-3.052775879498132,132.25708008266747
2.33100682,17.53423872,7.07,10.252073762995364,74.08731856060372
2.33262025,79.71464113,6.01,13.349641505041564,10.479271408684326
2.3375862,-27.9879039,5.42,0.3092547047697818,118.76623551422887
2.34694824,-41.04420522,9.11,-2.864244159299341,131.43507963158726
2.34695373,58.66590161,8.24,14.114202511976966,32.14104537918962
2.34949364,14.41766587,8.97,9.690622333485164,77.19991202786856
2.35224949,-45.74698836,3.88,-3.9816715617526195,136.01116814389056
2.35250184,0.07209314,8.59,6.850220338893393,91.41107586050543
2.36489397,46.38790478,7.17,13.658814073522167,44.78159044762744
2.36659201,19.11569982,7.94,10.483599132683471,72.49659612583278
2.36674758,1.24402533,7.27,7.0860690211664465,90.25453349491183
2.36753959,-12.03518146,9.59,4.1142406414131205,103.26020558438671
2.3767445,-10.18755017,7.94,4.5349251801697905,101.45602378623333
2.377913,-34.11077214,8.52,-1.2157838402270076,124.6962792936083
2.37919673,19.55922468,7.59,10.544791099819768,72.04965808864083
2.38423018,-40.64947224,9.17,-2.797287990431892,131.04459029294583
2.39204187,-66.02972893,8.08,-8.420546318915509,155.92400876801113
2.39552418,-46.37507382,9.8,-4.157655053658067,136.61633453941184
2.3967474,-21.38186598,8.92,1.8621089725549729,112.34406285640128
2.40120624,-51.73705907,9.91,-5.39182187103432,141.852354406157
2.40151993,62.66781255,9.42,14.09146134435666,28.014637125115055
2.40182077,26.68206689,8.84,11.60785361130981,64.87273517332484
2.40219061,51.56692488,10.15,13.903279203371563,39.45482187406987
2.41376549,-56.19178561,8.37,-6.387059409893383,146.21736265867256
2.41558741,-32.07892872,9.33,-0.7527961860570969,122.7174465794943
2.421914,57.25958655,9.35,14.056166481473076,33.590314068477916
2.42218904,-63.58967752,7.4,-7.946510561024802,153.50589922270686
2.42337039,-37.31481117,8.35,-2.0266201479868404,127.79733873718878
2.43155816,-31.82493921,9.53,-0.7042253734851152,122.4677694990665
2.43212812,-3.67851928,9.59,5.955453804203578,95.07702698705748
2.44298188,36.47378127,10.05,12.771380011568027,54.92545760846426
2.45189211,-40.8926432,8.57,-2.905041276082166,131.2687889227225
2.45190918,19.38130034,8.48,10.44794995600028,72.21669960591831
2.45274609,-6.84116094,8.43,5.227549499214057,98.16943768902027
2.45821543,53.5266575,8.45,13.942183729292593,37.43584718641482
2.45885362,-33.78868219,8.84,-1.2028210892120257,124.36746475129176
2.46414999,61.51404444,11.18,14.067164415742004,29.20427614617122
2.46506329,8.45319673,8.64,8.460700241765808,83.11130216696553
2.46570707,11.41627112,8.42,9.028279164674313,80.1689665952249
2.46706528,-62.29683686,6.34,-7.703705047909965,152.22402657132838
2.46840823,51.42303822,7.93,13.856070532840956,39.60113082351118
2.46856966,12.7108424,8.36,9.266507438131942,78.88014663956675
2.47045485,-50.26778193,8.32,-5.101821714467781,140.40533498934678
2.4791263,4.83249243,7.77,7.723102872056153,86.69167081267942
2.47924356,-2.5612296,6.84,6.15561270200151,93.97067698748306
2.48490475,-78.5905409,8.78,-10.693507522919571,168.4523437927728
2.48641063,-44.66648659,7.19,-3.8205615101129022,134.9361385195341
2.48796018,4.16612269,8.5,7.577915766027129,87.34790956530824
2.48945297,8.57704143,8.82,8.461246438826636,82.98374726770251
2.48996359,43.43841927,9.04,13.3650493635261,47.80134674104515
2.49206123,-65.35709708,7.93,-8.328571429973236,155.2492624204868
2.49611767,-25.87473632,7.66,0.6861091432121119,116.682170889796
2.50217025,-28.48237046,10.07,0.04831065218636944,119.21053936527109
2.5068334,44.10967471,9.03,13.403406927404315,47.11236574070046
2.50910252,11.14580908,5.54,8.935554019606078,80.42976593607455
2.50945435,-82.22399743,5.29,-11.253876871156887,172.1090797817367
2.51101423,-63.29667598,8.13,-7.926282038354152,153.20807348584637
2.51326491,46.39035323,7.51,13.55683728099377,44.77237747746604
2.51334416,-77.48041239,9.08,-10.520810008767775,167.33669824002573
2.51367088,-8.97418208,7.1,4.682903190353708,100.24028987221259
2.5183958,-79.00183917,7.88,-10.765052481582549,168.86461354036894
2.51916096,86.02305546,9.4,12.741918913704072,4.033395595022331
2.5198354,33.53943767,9.06,12.38583648593273,57.90658778530716
2.52181595,84.15197251,8.38,12.928639814593307,5.942918928044747
2.52192137,38.41489409,10.65,12.904322102906365,52.93822386186348
2.52286733,25.19788575,7.77,11.287717295085175,66.35553532647145
2.52776652,50.8068353,8.5,13.791542147736445,40.233393939607545
2.52801043,47.3068396,8.61,13.60424172086508,43.83073363006054
2.52808509,-28.33779222,10.05,0.06126651034795156,119.06475721528157
2.53029756,39.64894107,8.71,13.014810906377887,51.67699719619848
2.53282312,-15.17703288,9.37,3.219848812231366,106.28241650906017
2.53330673,-78.3006603,6.97,-10.656891147819811,168.15956719893362
2.53868415,-49.14331204,8.56,-4.889188717225052,139.29611629711314
2.54226103,-33.28094424,9.34,-1.1474822772731847,123.85790486697113
2.54331677,-19.98355516,9.47,2.0655189237456955,110.95309786551493
2.54377402,64.64672491,8.11,14.007421241337372,25.97546828456838
2.55428058,25.52675303,8.91,11.307532945790905,66.019535945217
2.55874804,60.0260491,7.83,14.017061407620359,30.737997921859126
2.56783172,50.88488337,8.95,13.769871527747142,40.151916358483504
2.56856497,52.25514295,7.2,13.82875535218172,38.74222603672022
2.57458042,-70.83688393,9.37,-9.395112008876264,160.6891463968689
2.57853868,-5.24851713,5.84,5.463942363829699,96.58263898384256
2.58017518,46.07227117,5.01,13.489780610000995,45.095701203885476
2.58572192,-22.76918457,9.81,1.357534683557356,113.64862696762091
2.58674385,18.65036403,9.27,10.200787506004186,72.92778672666165
2.58889481,-48.14358093,9.5,-4.693485101151692,138.31177886527536
2.59487992,-43.52292038,9.32,-3.628759292077404,133.8037519452657
2.59569702,-13.98412856,8.92,3.441644059673047,105.10680278402974
2.59596953,-11.78583365,8.38,3.954992916831326,102.96491961126439
2.60083995,58.48950539,7.74,13.979796478618612,32.32128107776978
2.60385459,-6.03970203,8.6,5.262028612364833,97.35137239884777
2.60694761,-30.47906079,9.49,-0.5237420810216084,121.12562064681545
2.60951431,-14.45220836,8.35,3.3186356827434342,105.5593946494259
2.61150772,28.65292193,7.11,11.694741704003366,62.85348038540804
2.61434147,-73.64945333,9.87,-9.904263864155377,163.49485775893316
2.61845161,13.59498069,8.98,9.28520979457217,77.97239321122561
2.62084078,51.9123888,7.75,13.782445597859034,39.09350317205965
2.62339153,15.23192856,8.24,9.575466023542772,76.33934907983675
2.62358027,57.16549747,6.74,13.945254459050611,33.68520846247448
2.63506952,33.1308857,6.83,12.242287585659756,58.310303644189226
2.64265068,52.31675606,7.7,13.785983820373422,38.67693007399929
2.64438297,59.67341444,6.7,13.97122805375218,31.101056769164703
2.65280052,-41.11858278,8.67,-3.105841146544874,131.45263733421285
2.65641131,-49.28139379,9.94,-4.995408260759282,139.41358266925624
2.65757354,-63.63430723,8.73,-8.057940103040778,153.52889392977457
2.65873023,16.84407826,9.63,9.825203480131675,74.72323079063543
2.65962298,-73.22443438,6.66,-9.843604689941062,163.06768362466613
2.66144965,56.05613623,8.29,13.899285083755364,34.82737782250433
2.66293453,12.82027132,8.47,9.100404513595285,78.73576535131419
2.66362432,2.30067277,8.16,7.018798715215671,89.15076462398049
2.66937648,13.22299119,8.97,9.168414478606424,78.33369260690081
2.6697124,2.05549803,7.51,6.961359363665823,89.3909700018478
2.67528589,54.89149475,8.97,13.858910113310536,36.026362295302896
2.67691363,-54.40037514,8.55,-6.143448244981558,144.42567414304077
2.67810574,-12.57980381,5.84,3.6921374169793335,103.72004997528411
2.68806989,58.01831644,7.85,13.92656745065568,32.806006062358854
2.69076029,-38.76885912,8.68,-2.5786337920030826,129.1599333433483
2.69311023,55.34282756,8.05,13.86212472130921,35.56138268895974
2.69315961,58.7695199,8.27,13.935657364709945,32.03207983235191
2.69357223,-21.93357013,7.68,1.4615798453005926,112.81332505194237
2.69464885,-73.50742387,9.4,-9.902208524869762,163.34887118452485
2.69509815,37.47386216,7.77,12.674392205111033,53.884362798979936
2.69516827,-34.86071198,6.89,-1.6503989131344328,125.36119643314026
2.69663452,32.24257302,7.55,12.08375446859127,59.20598601543934
2.6975504,-57.48628559,8.27,-6.8164089783825785,147.45655968762486
2.70055534,51.17784908,8.16,13.70011375039085,39.846656217401566
2.70138861,49.01075823,8.07,13.58829051474382,42.07372556774005
2.70202017,30.68565518,7.91,11.884039061519106,60.784431407291244
2.72283989,-13.90281571,7.71,3.3407583836149857,104.99863847674256
2.72496614,-31.21515694,10.16,-0.799524234017124,121.81558908161844
2.73299802,48.1104051,8.41,13.515164682654142,42.99705736058108
2.73329241,-42.25160366,8.88,-3.4301282533252264,132.54163268139547
2.73345038,64.96318376,9.64,13.92258048404373,25.650471553215052
2.73712261,-2.07451183,7.93,6.010596674665046,93.43641213779124
2.7414981,-18.57284278,7.78,2.220748867392815,109.53760597457276
2.7422581,52.44279023,8.9,13.730468677441154,38.54468377419585
2.75589325,29.55052263,8.55,11.68974705498977,61.9278785985157
2.76524987,13.75051092,9.15,9.173357260242863,77.79109971183767
2.76858844,-5.78399441,10.86,5.159734915718423,97.06424141617268
2.76870081,5.20868148,11.55,7.517420438953064,86.26077213103189
2.768724,-10.87786557,9.08,4.000511654321663,102.04022215108056
2.77350337,4.1331073,7.44,7.292434056578631,87.32137192147849
2.778753,26.33796403,10.35,11.225094518155402,65.17132921303859
2.78289623,57.58791462,6.68,13.867929628557228,33.24833029616359
2.78668359,-87.41423771,8.85,-11.981521437893656,177.3554952741646
2.78769565,-7.37619874,8.9,4.782730908456187,98.61706183299464
2.78892638,49.5466666,8.24,13.56094612188749,41.520007426134356
2.79012709,-3.32135959,6.74,5.685758730923447,94.6476212608292
2.80966423,6.18052792,10.75,7.674393061638537,85.29235509263874
2.8114672,10.63603546,8.44,8.547281485357761,80.87911807692822
2.81532971,7.94816079,7.69,8.021542679080014,83.54280440882674
2.81628415,-15.46732287,4.89,2.885763183994287,106.50039570215344
2.82272582,-20.72529839,11.8,1.6337731815324315,111.61096998358724
2.82287739,-29.64051891,8.88,-0.5032044042987445,120.26676012855214
2.82432014,-40.37268546,7.7,-3.0568463346865733,130.69603824832407
2.82543312,-32.80041484,8.6,-1.2624056699901958,123.33432018676478
2.83158469,-32.40387891,8.44,-1.1726013736274765,122.94798581719857
2.83702751,58.3498627,9.5,13.853892585221933,32.46309629165762
2.84058595,50.84310466,9.03,13.59590663317348,40.186335512790464
2.84178323,74.48458019,7.15,13.583145436771504,15.853301918983245
2.8428974,30.44948927,7.95,11.733241498295834,61.007664477403544
2.85187794,23.81814771,8.23,10.785425343459606,67.69984237349513
2.85188723,-8.35911945,9.81,4.497820751289883,99.56298985063465
2.87203127,-18.70689324,8.48,2.0687732659320615,109.63851373644718
2.87258462,35.93108811,9.33,12.368541976908707,55.440192468816214
2.87859206,-49.62920981,8.97,-5.21417113519992,139.72133714583623
2.87910532,-1.12332479,8.08,6.078621012235832,92.47177721196998
2.87971208,40.39896612,7.47,12.817978273588462,50.88535721412258
2.88096041,-55.74966102,8.34,-6.5473496460749026,145.72627470429356
2.88140032,-34.4600917,7.75,-1.7035270529003195,124.93543219730242
2.88657321,-58.90982912,8.34,-7.210642221806289,148.838313768153
2.8934043,-27.7997782,5.41,-0.1219124320503093,118.46494497057529
2.89634295,-3.07799719,7.56,5.635808970078294,94.38563033818498
2.8970776,-18.60067836,6.93,2.070898487431124,109.52963497953395
2.89828655,7.12150984,10.03,7.776852631119686,84.34426010271659
2.89839266,33.68029254,8.69,12.089307053651805,57.72554387473945
2.89853096,-57.47238652,9.04,-6.919127151662687,147.42003043775986
2.89868324,-5.06817692,8.32,5.193387241326549,96.33463461510107
2.90159981,-23.63236655,7.85,0.8685533860861846,114.41701302342686
2.90304188,-80.17376516,7.21,-11.012151553612904,170.03328518489465
2.90334595,-17.96890292,8.98,2.2146828355458155,108.91400959000507
2.90477726,58.21183567,7.09,13.81568250654405,32.604533655557084
2.90527264,-72.27547333,8.85,-9.751868057450892,162.1063864091448
2.90603532,63.44314203,9.21,13.858880627657392,27.216868838676874
2.9061454,10.32845614,8.61,8.397039496385043,81.16631824435235
2.90859695,-49.65588618,7.91,-5.239047128890937,139.74311220200448
2.91222169,55.96148616,7.47,13.756550907034802,34.920870305937356
2.91580225,28.22513882,8.65,11.371215230359484,63.24864939027624
2.9198539,-9.70277372,8.53,4.125881865984593,100.85949639164005
2.92120675,-39.22963982,9.92,-2.8612953185903294,129.5659397819562
2.92427022,54.33552182,8.09,13.696184139793598,36.59351598326095
2.93286698,-35.13339606,5.24,-1.9044691770379767,125.57972450425532
2.93644202,57.27152515,7.06,13.778236050796275,33.572180534206076
2.94074786,27.51025579,8.45,11.249347470700936,63.96735997380818
2.94645767,-33.23382365,8.73,-1.4643124660831903,123.7311124776466
2.9481242,9.14000705,7.45,8.126593285643661,82.33643459337594
2.95060084,-17.55770035,9.02,2.268111533455033,108.50352206108411
2.95912203,28.42325717,7.51,11.360876144143688,63.043132112494376
2.96013415,66.12634754,7.32,13.813796503010222,24.453703922819983
2.96104581,-54.20984615,8.17,-6.264229540204156,144.20257891302404
2.96182161,50.98927919,9.45,13.526961262532224,40.03218473219045
2.96191971,-19.70326287,9.72,1.749997829471607,110.58680011851979
2.96256404,-35.54681427,9.34,-2.0258953521998073,125.9758611387518
2.97473845,-11.16484347,8.75,3.737584214349766,102.27335968866319
2.97800862,-33.0373887,9.32,-1.4432739817936335,123.53397514788176
2.97819202,-22.81759748,7.91,0.9946711141314807,113.60892557815669
2.98072156,-75.47684086,7.49,-10.304901193153876,165.3084960563264
2.98385733,-42.17203471,6.53,-3.592144301546669,132.42090905551623
2.99596734,48.15237121,6.18,13.34257624750212,42.94285899167768
2.9970449,-0.22969837,8.69,6.155977538267031,91.56861921859688
3.00550041,23.47174032,6.58,10.593051907000692,68.0261108387283
3.00581153,-54.75088612,7.8,-6.404936457380923,144.72883357542676
3.00608084,28.60673326,7.19,11.345353829509236,62.85197761676038
3.00807432,48.68005386,8.17,13.367427148872274,42.40104728064025
3.01259645,-13.81313737,6.56,3.088164032437781,104.84551579079198
3.01599223,27.09915401,8.73,11.124699773138444,64.37246438321425
3.02160438,-58.52479986,7.62,-7.200289582811985,148.44399494863654
3.02287137,-7.08866665,8.66,4.620382636045114,98.2831660932912
3.0252826,-54.36533695,8.68,-6.3340310767139725,144.34735744118268
3.02532163,39.03890984,8.2,12.57505878190794,52.26187590910546
3.02534364,-7.70199823,8.96,4.47955920839091,98.88197840125711
3.02849022,47.49116017,7.36,13.277891919147004,43.61943662013139
3.03354264,53.62391762,6.87,13.604424482774213,37.32270099577371
3.03640453,48.18225854,7.6,13.317558587870929,42.91044603600206
3.04145374,-17.93821766,5.29,2.0942682571459534,108.85312505775501
3.04294341,46.77490907,9.12,13.219383227187066,44.35288388689305
3.05385165,-27.78455628,8.25,-0.25609718112904845,118.41625389830274
3.05769033,39.90157203,7.43,12.635232853484245,51.37969353244519
3.05806888,-15.16459597,8.88,2.7300486296013022,106.15102882590227
3.0658141,43.81821229,7.95,12.979594940688859,47.37864059497537
3.06609863,22.55671394,7.69,10.39464156178745,68.93631247031401
3.07200125,-50.70031286,8.94,-5.571277132737863,140.74319413939676
3.07628651,-40.64558079,10.58,-3.306699708982315,130.9171342484544
3.08222761,-57.50592437,10.05,-7.02265733299987,147.43247944693502
3.09223756,-8.70977153,8.88,4.186657306128166,99.85124596202044
3.10531311,-61.60576322,9.0,-7.8591904024826285,151.48001263302774
3.10993546,45.95960688,8.24,13.114884146642893,45.18465005855243
3.11749211,20.23439937,8.18,9.971249738601047,71.25671842616383
3.1242483,-56.41332506,9.91,-6.819307727186632,146.35089968519657
3.12479109,32.20391674,8.88,11.719553624388809,59.19911857004881
3.1254916,14.56369614,8.44,8.978009333320735,76.91697789126874
